question,answer,category,difficulty
전세 계약에서 임대인이 보증금을 돌려주지 않는다면 어떻게 해야 하나요?,"전세 계약 종료 시 보증금 반환 거부는 민법상 채무불이행에 해당합니다. 먼저 내용증명 우편으로 보증금 반환을 요구하고, 불응 시 민사소송을 제기할 수 있습니다. 또한 전세권 등기를 했다면 경매를 통해 보증금을 회수할 수 있습니다.",전세사기,중급
전세 사기를 당했을 때 형사고발이 가능한가요?,"네, 가능합니다. 전세 사기는 사기죄(형법 제347조)에 해당할 수 있습니다. 임대인이 처음부터 보증금을 돌려줄 의사나 능력이 없으면서 전세 계약을 체결한 경우, 이는 기망행위로 볼 수 있어 형사고발이 가능합니다.",전세사기,중급
전세권 등기를 하지 않았는데 전세 사기를 당한 경우 어떻게 해야 하나요?,"전세권 등기를 하지 않았더라도 임차권등기명령을 신청하거나, 주택임대차보호법상 대항력과 우선변제권을 주장할 수 있습니다. 입주와 전입신고를 완료했다면 후순위 담보권자보다 우선하여 보증금을 회수할 수 있습니다.",전세사기,고급
깡통전세란 무엇인가요?,"깡통전세는 주택의 시세보다 전세보증금이 높거나 비슷한 수준인 전세를 말합니다. 이 경우 집주인이 대출을 받아 집을 구입하고 전세보증금으로 대출을 상환하는 구조로, 집값이 하락하면 전세보증금을 돌려받기 어려워집니다.",전세사기,초급
전세 계약서에 특약사항으로 '보증금 반환 지연 시 이자 지급'을 넣을 수 있나요?,"네, 가능합니다. 민법 제379조에 따라 임대인이 보증금 반환을 지연할 경우 지연이자를 지급하도록 특약을 정할 수 있습니다. 이자율은 당사자 간 합의로 정하되, 과도하게 높으면 무효가 될 수 있습니다.",전세사기,중급
전세 사기 피해자를 위한 정부 지원책은 어떤 것들이 있나요?,"전세 사기 피해자를 위해 전세피해지원센터 운영, 긴급주거지원(임시거처 제공), 전세보증금 반환보증보험 가입 지원, 법률상담 지원 등이 있습니다. 또한 전세 사기 특별법을 통해 피해구제절차가 마련되어 있습니다.",전세사기,초급
임대인이 파산한 경우 전세보증금을 어떻게 회수하나요?,임대인 파산 시 전세권 등기를 했다면 별제권을 행사하여 우선 변제받을 수 있습니다. 전세권 등기가 없더라도 주택임대차보호법상 대항력이 있다면 파산재단에 대해 임차권을 주장하고 보증금 반환을 요구할 수 있습니다.,전세사기,고급
전세 계약 체결 전 확인해야 할 사항들은 무엇인가요?,"등기부등본을 통해 소유권과 근저당권 등을 확인하고, 전세보증금이 집값의 70-80%를 넘지 않는지 확인해야 합니다. 또한 임대인의 신분증과 소유권 확인, 건물 및 토지 등기부등본 확인, 전세권 등기 또는 전세보증보험 가입을 고려해야 합니다.",전세사기,중급
전세권과 임차권의 차이점은 무엇인가요?,"전세권은 물권으로서 등기를 통해 대세효를 가지며, 전세권자는 목적물을 직접 지배할 수 있습니다. 반면 임차권은 채권으로서 임대인에 대한 채권적 권리입니다. 전세권은 경매 시 물권적 효력으로 우선변제권을 행사할 수 있습니다.",부동산물권,고급
가등기의 법적 효력은 무엇인가요?,"가등기는 부동산 물권변동에 관한 청구권을 보전하기 위한 예비등기입니다. 순위보전효력과 처분금지효력을 가지며, 가등기 후 본등기를 마치면 가등기 시점으로 소급하여 효력이 생깁니다.",부동산물권,중급
부동산 이중매매에서 선의의 제3자 보호는 어떻게 이루어지나요?,부동산 이중매매에서는 등기를 먼저 마친 매수인이 소유권을 취득합니다. 다만 제3자가 선의이고 등기에 정당한 이유가 있어야 보호받을 수 있습니다. 민법 제186조에 따라 등기의 추정력과 공신력이 작용합니다.,부동산물권,고급
근저당권의 피담보채권 범위는 어떻게 결정되나요?,"근저당권의 피담보채권은 원본, 이자, 위약금, 손해배상금 등이 포함됩니다. 근저당권 설정 시 정한 극한액까지 담보되며, 채권의 순환성으로 인해 기존 채권이 소멸해도 극한액 범위 내에서 새로운 채권이 담보됩니다.",부동산물권,중급
부동산 소유권 취득시효의 요건은 무엇인가요?,"부동산 소유권 취득시효는 20년간 소유의 의사로 평온하고 공연하게 점유해야 합니다. 선의이고 정당한 사유가 있으면 10년, 등기부상 소유자로 10년간 점유하면 취득시효가 완성됩니다.",부동산물권,중급
지상권의 존속기간은 어떻게 정해지나요?,"지상권의 존속기간은 당사자가 자유롭게 정할 수 있습니다. 기간을 정하지 않으면 영구지상권이 되며, 건물 소유를 목적으로 하는 지상권은 최소 30년 이상으로 추정됩니다.",부동산물권,초급
전세 사기 예방을 위한 전세보증보험이란 무엇인가요?,"전세보증보험은 임대인이 전세보증금을 반환하지 못할 경우 보험회사가 대신 지급하는 보험입니다. 주택도시보증공사(HUG)에서 운영하며, 전세 사기 위험을 줄이고 임차인을 보호하는 제도입니다.",전세사기,초급
전세권 등기 시 필요한 서류는 무엇인가요?,"전세권 등기 시에는 전세계약서, 임대인 인감증명서, 임차인 주민등록표 등본, 건물 등기부등본, 전세권 설정계약서 등이 필요합니다. 공동담보 설정 시에는 토지 등기부등본도 필요합니다.",전세사기,중급
임대인이 전세보증금을 용도 외 사용한 경우 어떻게 대응해야 하나요?,"임대인이 전세보증금을 개인적 용도로 사용한 경우 배임죄나 사기죄로 형사고발할 수 있습니다. 또한 민사상 손해배상청구도 가능하며, 전세권 등기가 있다면 경매를 통해 보증금을 회수할 수 있습니다.",전세사기,중급
전세 사기 의심 징후는 무엇인가요?,"전세 사기 의심 징후로는 시세보다 과도하게 높은 전세가, 급하게 계약을 재촉하는 경우, 계약서 작성을 회피하거나 특약 사항을 거부하는 경우, 중개업소를 통하지 않는 직거래 등이 있습니다.",전세사기,초급
전세 계약 갱신 시 임대인이 보증금 증액을 요구할 수 있나요?,"주택임대차보호법에 따라 임대인은 전세 계약 갱신 시 보증금 증액을 요구할 수 있습니다. 다만 연 5% 이내에서만 증액이 가능하며, 임차인이 거부하면 기존 조건으로 2년간 계약이 갱신됩니다.",전세사기,중급
집주인이 바뀐 경우 전세 계약은 어떻게 되나요?,"집주인이 바뀌어도 전세 계약은 유효하게 승계됩니다. 새로운 소유자는 기존 전세 계약의 권리와 의무를 모두 승계하며, 전세보증금 반환 의무도 함께 승계됩니다.",전세사기,중급
전세 사기 피해 발생 시 손해배상 범위는 어떻게 되나요?,"전세 사기 피해 시 재산적 손해(전세보증금, 이사비용, 대체주택 임차료 등)와 정신적 손해(위자료)를 청구할 수 있습니다. 손해배상 범위는 피해의 직접성과 상당인과관계에 따라 결정됩니다.",전세사기,중급
전세권 등기 말소는 언제 가능한가요?,"전세권 등기는 전세 계약 종료 시 말소할 수 있습니다. 보증금을 반환받은 후 임대인과 임차인이 공동으로 말소신청을 하거나, 임차인이 단독으로 말소할 수 있습니다.",부동산물권,초급
부동산 매매계약에서 중간생략등기가 가능한가요?,"중간생략등기는 원칙적으로 불가능합니다. 부동산 물권변동은 등기를 통해 공시되어야 하며, 모든 권리변동 과정이 등기부에 기재되어야 합니다. 다만 매매예약 등 특수한 경우에는 예외가 인정될 수 있습니다.",부동산물권,고급
건물신축을 위한 토지 임차권의 대항력은 언제 생기나요?,"건물신축을 위한 토지 임차권의 대항력은 건물이 완성되고 건물등기를 마친 때부터 생깁니다. 토지 임차권만으로는 대항력이 없으며, 건물의 완성과 등기가 모두 필요합니다.",부동산물권,고급
공동담보 설정 시 각 부동산의 담보가치는 어떻게 평가되나요?,공동담보 설정 시 각 부동산의 시가를 기준으로 담보가치를 평가합니다. 근저당권의 경우 극한액 범위 내에서 각 부동산의 가치 비율에 따라 담보책임을 부담합니다.,부동산물권,중급
부동산 경매에서 임차권의 효력은 어떻게 되나요?,"부동산 경매에서 임차권은 대항력과 우선변제권의 유무에 따라 효력이 달라집니다. 대항력이 있는 임차권은 경매로도 소멸하지 않으며, 우선변제권이 있다면 배당을 받을 수 있습니다.",부동산물권,고급
전세 사기 피해자가 임시거처를 제공받을 수 있나요?,"네, 전세 사기 피해자는 정부의 긴급주거지원을 통해 임시거처를 제공받을 수 있습니다. 전세피해지원센터에 신청하면 공공임대주택이나 전세임대주택을 우선 공급받을 수 있습니다.",전세사기,초급
전세 계약서 없이 전세 사기를 당한 경우 어떻게 해야 하나요?,"전세 계약서가 없어도 계약금 지급 영수증, 은행 이체 내역, 문자 메시지, 증인 등을 통해 전세 계약 사실을 입증할 수 있습니다. 이러한 증거들을 수집하여 법적 대응을 할 수 있습니다.",전세사기,중급
전세 사기 가해자에 대한 형사처벌은 어떻게 되나요?,"전세 사기 가해자는 사기죄로 10년 이하의 징역 또는 2천만원 이하의 벌금에 처해질 수 있습니다. 피해 규모가 큰 경우 가중처벌되며, 배임죄나 횡령죄가 함께 적용될 수 있습니다.",전세사기,중급
전세 사기 특별법의 주요 내용은 무엇인가요?,"전세 사기 특별법은 피해자 구제를 위한 특별절차를 규정합니다. 주요 내용으로는 전세피해지원센터 설치, 긴급주거지원, 전세보증금 대출 상환 유예, 피해자 우선 공공임대주택 공급, 가해자 처벌 강화 등이 있습니다.",전세사기,중급
전세보증금 반환보증보험 가입 시 보험료는 누가 부담하나요?,"전세보증금 반환보증보험의 보험료는 일반적으로 임차인이 부담합니다. 보험료율은 전세보증금의 0.128%~0.175% 수준이며, 임대인의 동의 없이도 가입할 수 있습니다.",전세사기,초급
전세 계약 해지 시 임대인이 보증금 반환을 지연하면 어떻게 되나요?,"전세 계약 해지 후 임대인이 보증금 반환을 지연하면 연 6%의 지연이자를 지급해야 합니다. 정당한 사유 없이 지연하는 경우 손해배상책임도 부담하며, 강제집행을 통해 보증금을 회수할 수 있습니다.",전세사기,중급
전세보증금을 안전하게 보호하는 방법은 무엇인가요?,"전세보증금 보호를 위해서는 전세권 등기, 전세보증보험 가입, 등기부 확인을 통한 선순위 채권 파악, 집값 대비 적정한 전세가 책정, 신뢰할 수 있는 중개업체 이용 등이 필요합니다.",전세사기,중급
갭투자로 인한 전세 사기 위험성은 무엇인가요?,"갭투자는 전세보증금으로 주택 구입자금을 조달하는 방식으로, 집값 하락 시 전세보증금 회수가 어려워집니다. 임대인의 자산 상태와 대출 규모를 파악하여 투자 위험을 사전에 확인해야 합니다.",전세사기,중급
전세 사기 피해자의 우선변제권은 어떻게 행사하나요?,전세 사기 피해자는 주택임대차보호법상 대항력과 우선변제권을 갖습니다. 경매 절차에서 배당요구를 하여 선순위 담보권자 다음으로 우선 변제받을 수 있습니다.,전세사기,고급
전세 사기 예방을 위한 확정일자의 역할은 무엇인가요?,"확정일자는 전세 계약서에 관할 세무서나 구청에서 받는 날짜 도장으로, 우선변제권 순위를 결정하는 기준이 됩니다. 확정일자를 받지 않으면 대항력은 있지만 우선변제권은 없습니다.",전세사기,중급
임대인이 여러 명에게 같은 집을 전세로 준 경우 어떻게 되나요?,"임대인이 같은 집을 여러 명에게 전세로 준 경우, 먼저 입주하고 전입신고를 완료한 임차인이 대항력을 갖습니다. 확정일자를 먼저 받은 임차인이 우선변제권에서 우선합니다.",전세사기,고급
전세 계약 중 집주인이 사망한 경우 어떻게 되나요?,"집주인이 사망해도 전세 계약은 유효하게 승계됩니다. 상속인들이 임대인의 지위를 승계하며, 전세보증금 반환 의무도 함께 승계됩니다. 상속 포기 시에는 상속재산관리인을 선임해야 합니다.",전세사기,중급
전세 사기 피해 시 민사소송과 형사고발을 동시에 할 수 있나요?,"네, 가능합니다. 민사소송과 형사고발은 별개의 절차이므로 동시에 진행할 수 있습니다. 형사고발을 통해 가해자를 처벌하고, 민사소송을 통해 손해배상을 청구할 수 있습니다.",전세사기,중급
전세 사기 의심 시 신고할 수 있는 기관은 어디인가요?,"전세 사기 의심 시 경찰서, 국토교통부 전세피해지원센터, 한국토지주택공사(LH) 전세피해신고센터, 각 지방자치단체 전세피해 신고처 등에 신고할 수 있습니다.",전세사기,초급
전세 계약서 작성 시 반드시 포함해야 할 내용은 무엇인가요?,"전세 계약서에는 당사자 정보, 목적물의 표시, 전세보증금, 존속기간, 임대인 인감날인, 중개업자 정보, 특약사항 등이 포함되어야 합니다. 또한 등기부상 권리관계를 확인하고 기재해야 합니다.",전세사기,중급
전세 사기 피해자를 위한 전세자금대출 상환 유예는 어떻게 되나요?,전세 사기 피해자는 전세자금대출 상환을 최대 2년까지 유예받을 수 있습니다. 피해 신고 후 전세피해지원센터를 통해 관련 금융기관에 신청하면 이자 부담 경감 등의 혜택을 받을 수 있습니다.,전세사기,중급
전세 사기 재발 방지를 위한 제도적 개선 방안은 무엇인가요?,"전세 사기 재발 방지를 위해 전월세 신고제 도입, 전세보증보험 의무화, 부동산 실거래가 공개 확대, 임대사업자 등록 의무화, 전세가 대비 집값 비율 제한 등이 논의되고 있습니다.",전세사기,고급
지분권자 중 일부만 전세 계약에 동의한 경우 계약의 효력은 어떻게 되나요?,"공동소유 부동산에서 지분권자 중 일부만 전세 계약에 동의한 경우, 동의하지 않은 지분권자에 대해서는 계약이 무효입니다. 전체 지분권자의 동의 없이는 완전한 전세 계약이 성립하지 않습니다.",부동산물권,고급
부동산 전세권 등기 시 공동담보 설정이 필요한 경우는 언제인가요?,"건물과 토지가 다른 소유자에게 속하거나, 건물의 부속토지가 여러 필지인 경우 공동담보 설정이 필요합니다. 또한 전세보증금이 건물 가치를 초과하는 경우에도 토지에 공동담보를 설정할 수 있습니다.",부동산물권,중급
미등기 건물에 대한 전세 계약의 효력은 어떻게 되나요?,미등기 건물에 대한 전세 계약도 유효합니다. 다만 전세권 등기를 할 수 없으므로 주택임대차보호법상 보호를 받아야 합니다. 입주와 전입신고를 통해 대항력을 취득할 수 있습니다.,부동산물권,중급
부동산 소유권 이전 시 기존 임차인의 권리는 어떻게 되나요?,"부동산 소유권 이전 시 대항력이 있는 임차인의 권리는 새로운 소유자에게 승계됩니다. 임차인은 새로운 소유자에게 임차권을 주장할 수 있으며, 보증금 반환 의무도 승계됩니다.",부동산물권,중급
부동산 경매에서 임차인이 보증금을 배당받는 절차는 어떻게 되나요?,부동산 경매에서 임차인은 배당요구를 하여 보증금을 배당받을 수 있습니다. 대항력과 우선변제권이 있는 임차인은 선순위 담보권자보다 우선하여 배당받을 수 있습니다.,부동산물권,중급
부동산 물권의 대항력과 우선변제권의 차이는 무엇인가요?,"대항력은 제3자에게 권리를 주장할 수 있는 효력이고, 우선변제권은 경매 등에서 다른 채권자보다 우선하여 배당받을 수 있는 권리입니다. 대항력이 있어도 우선변제권이 없으면 배당에서 후순위가 됩니다.",부동산물권,중급
부동산 담보권의 실행 방법에는 어떤 것들이 있나요?,"부동산 담보권의 실행 방법으로는 경매, 임의경매, 담보권 실행을 위한 임의처분 등이 있습니다. 근저당권자는 채무불이행 시 담보부동산을 경매에 부쳐 채권을 회수할 수 있습니다.",부동산물권,중급
부동산 등기의 공신력이 인정되는 경우는 언제인가요?,우리나라는 등기에 공신력을 인정하지 않는 것이 원칙입니다. 다만 제3자가 등기를 믿고 거래한 경우 선의·무과실이면 보호받을 수 있는 경우가 있습니다. 이는 매우 제한적으로 인정됩니다.,부동산물권,고급
부동산 가등기담보의 법적 성질은 무엇인가요?,"가등기담보는 담보의 목적으로 설정하는 가등기로, 담보권의 성질을 갖습니다. 채무불이행 시 가등기를 본등기로 이전하여 소유권을 취득하지만, 청산의무가 있어 과도한 이익을 방지합니다.",부동산물권,고급
부동산 취득시효 완성 후 등기 절차는 어떻게 되나요?,"취득시효 완성 후에는 시효취득자가 등기를 신청할 수 있습니다. 진정한 소유자의 협력을 얻어 소유권이전등기를 하거나, 협력을 거부하면 소유권이전등기청구소송을 제기할 수 있습니다.",부동산물권,중급
부동산 공동소유에서 지분처분의 제한은 있나요?,"공동소유자는 자신의 지분을 자유롭게 처분할 수 있습니다. 다만 다른 공동소유자에게 우선매수권이 있는 경우가 있으며, 전체 부동산의 처분에는 모든 공동소유자의 동의가 필요합니다.",부동산물권,중급
부동산 유치권의 성립 요건은 무엇인가요?,"부동산 유치권은 부동산에 관하여 생긴 채권을 담보하기 위해 그 부동산을 유치할 수 있는 권리입니다. 채권과 목적물 사이의 견련관계, 채권의 변제기 도래, 목적물의 점유 등이 성립 요건입니다.",부동산물권,중급
부동산 전세권의 소멸 사유는 무엇인가요?,"전세권은 존속기간 만료, 목적물의 멸실, 전세권의 포기, 전세권자의 용법위반으로 인한 해지, 혼동 등으로 소멸합니다. 소멸 시 전세권 등기도 함께 말소되어야 합니다.",부동산물권,중급
부동산 매매계약에서 위험부담은 누가 지나요?,부동산 매매계약에서 소유권 이전 전까지는 매도인이 위험을 부담하는 것이 원칙입니다. 다만 매수인의 책임 있는 사유로 인한 경우에는 매수인이 위험을 부담할 수 있습니다.,부동산물권,중급
부동산 경매에서 법정지상권이 성립하는 경우는 언제인가요?,"토지와 건물이 동일인 소유였다가 경매로 소유자가 달라진 경우, 건물의 존속을 위해 법정지상권이 성립합니다. 건물이 경매되면 토지에 대한 지상권이, 토지가 경매되면 건물을 위한 지상권이 성립합니다.",부동산물권,고급
계약은 어떻게 성립하나요?,"계약은 청약과 승낙의 의사표시가 합치할 때 성립합니다(민법 제527조 이하). 청약은 그에 응하는 승낙만 있으면 곧 계약이 성립할 정도로 구체적·확정적이어야 하며, 승낙은 청약의 내용과 일치해야 합니다. 예외적으로 교차청약(제533조)이나 의사실현(제532조)으로 성립하기도 합니다.",계약법,초급
청약을 한 번 한 후 마음대로 철회할 수 있나요?,"원칙적으로 청약은 철회하지 못합니다(민법 제527조). 청약이 상대방에게 도달한 후에는 일방적으로 효력을 소멸시킬 수 없습니다. 다만 승낙기간 내에 승낙의 통지를 받지 못하면 청약은 효력을 잃고(제528조), 승낙기간을 정하지 않은 경우 상당한 기간이 지나면 효력을 잃습니다(제529조).",계약법,중급
격지자 간 계약은 언제 성립하나요?,"민법 제531조에 따라 격지자 간의 계약은 승낙의 통지를 발송한 때에 성립합니다(발신주의). 이는 의사표시의 도달주의 원칙(제111조)의 예외로, 신속한 거래 결제를 위한 규정입니다. 다만 전자거래 등 즉시 통신이 가능한 현대 환경에서는 적용 사례가 줄고 있습니다.",계약법,고급
채무불이행이란 무엇이고 어떤 책임을 지나요?,"채무불이행이란 채무자가 채무의 내용에 좇은 이행을 하지 않는 것을 말합니다(민법 제390조). 유형으로는 이행지체, 이행불능, 불완전이행이 있습니다. 채무자에게 고의나 과실이 있으면 채권자는 손해배상을 청구할 수 있고, 계약 해제권을 행사할 수도 있습니다. 다만 채무자에게 귀책사유가 없으면 책임이 면제됩니다.",계약법,중급
채무불이행으로 인한 손해배상의 범위는 어떻게 정해지나요?,"민법 제393조에 따라 채무불이행으로 인한 손해배상은 통상의 손해를 한도로 합니다(제1항). 특별한 사정으로 인한 손해는 채무자가 그 사정을 알았거나 알 수 있었을 때에 한하여 배상책임이 있습니다(제2항). 손해는 원칙적으로 금전배상이며(제394조), 과실상계(제396조)와 손익상계의 법리가 적용됩니다.",계약법,중급
금전채무의 지연으로 인한 손해배상은 어떻게 계산하나요?,"민법 제397조에 따라 금전채무 불이행 시 손해배상액은 법정이율(연 5%, 상사채무는 연 6%)로 계산합니다. 약정이율이 법정이율보다 높으면 약정이율이 적용되며, 이자제한법상 최고이율(연 20%)을 초과할 수 없습니다. 금전채무는 손해 증명이 필요 없고 채무자는 과실 없음을 항변할 수 없습니다.",계약법,중급
계약 해제권은 어떤 경우에 발생하나요?,"법정해제권은 ① 이행지체 시 상당한 기간을 정해 최고한 후 그 기간 내에 이행하지 않은 때(민법 제544조), ② 이행불능이 채무자의 귀책사유로 발생한 때(제546조), ③ 정기행위에서 이행기 도과 시(제545조) 발생합니다. 약정해제권은 당사자가 계약으로 정한 경우 행사할 수 있습니다(제543조).",계약법,중급
계약 해제와 해지는 어떻게 다른가요?,"계약 해제는 일시적 계약(매매 등)에서 소급적으로 계약을 소멸시키는 것으로, 당사자는 원상회복의무를 부담합니다(민법 제548조). 반면 해지는 임대차·고용 등 계속적 계약에서 장래에 향하여 계약을 종료시키는 것으로, 소급효가 없고 이미 이행된 부분은 유효합니다. 손해배상청구권은 양자 모두 인정됩니다.",계약법,중급
손해배상액의 예정(위약금)은 무효가 될 수도 있나요?,"민법 제398조에 따라 당사자는 채무불이행에 관한 손해배상액을 미리 정할 수 있습니다. 다만 예정액이 부당히 과다한 경우 법원은 적당히 감액할 수 있습니다(제2항). 위약금 약정은 손해배상액의 예정으로 추정되며, 위약벌의 성격이 명시된 경우에는 그 자체로는 감액이 어렵고 공서양속 위반 시 일부 무효가 됩니다.",계약법,고급
동시이행항변권이란 무엇인가요?,동시이행항변권은 쌍무계약에서 상대방이 자신의 채무 이행을 제공하기 전까지 자신의 채무 이행을 거절할 수 있는 권리입니다(민법 제536조). 예컨대 매수인은 매도인이 등기서류를 교부하기 전까지 잔금 지급을 거절할 수 있습니다. 동시이행항변권을 행사하면 이행지체책임을 면합니다.,계약법,중급
이행보조자의 과실은 누가 책임지나요?,"민법 제391조에 따라 채무자가 채무이행을 위해 사용한 이행보조자(피용자, 수임자 등)의 고의·과실은 채무자 본인의 고의·과실로 봅니다. 따라서 채무자는 이행보조자의 잘못으로 발생한 채무불이행에 대해서도 직접 책임을 부담합니다. 사용자책임(제756조)과는 별개의 채무불이행 책임 영역입니다.",계약법,고급
약관의 규제는 어떻게 이루어지나요?,"약관의 규제에 관한 법률에 따라 사업자가 일방적으로 작성한 약관 중 신의성실의 원칙에 반하여 공정성을 잃은 조항은 무효입니다(약관규제법 제6조). 면책조항, 손해배상액 예정조항, 계약해제·해지조항 등은 더욱 엄격히 통제되며, 약관의 명시·설명 의무를 위반한 경우 해당 조항을 계약 내용으로 주장할 수 없습니다.",계약법,중급
계약금은 어떤 법적 성질을 가지나요?,"민법 제565조에 따라 계약금은 해약금으로 추정됩니다. 매수인은 계약금을 포기하고, 매도인은 계약금의 배액을 상환하여 계약을 해제할 수 있으며, 이는 당사자 일방이 이행에 착수할 때까지 가능합니다. 위약금 약정이 있으면 위약금의 성격도 가질 수 있고, 증약금(계약 성립의 증거)으로서의 기능도 합니다.",계약법,중급
매도인의 하자담보책임은 무엇인가요?,"민법 제580조에 따라 매매목적물에 하자가 있는 경우 매도인은 무과실책임을 집니다. 매수인이 선의·무과실이라면 ① 하자로 계약 목적 달성이 불가능한 때 계약 해제, ② 그 외에는 손해배상을 청구할 수 있습니다. 권리는 매수인이 사실을 안 날로부터 6개월 내에 행사해야 합니다(제582조).",계약법,중급
착오로 인한 계약 취소는 어떤 요건을 갖춰야 하나요?,민법 제109조에 따라 의사표시가 법률행위의 중요부분에 착오가 있는 때에는 취소할 수 있습니다. 다만 그 착오가 표의자의 중대한 과실로 인한 때에는 취소할 수 없습니다. 또한 취소로써 선의의 제3자에게 대항하지 못합니다. '중요부분'이란 그 점에 관해 착오가 없었다면 의사표시를 하지 않았을 정도의 사항을 말합니다.,계약법,고급
사기·강박에 의한 의사표시는 어떻게 되나요?,민법 제110조에 따라 사기나 강박에 의한 의사표시는 취소할 수 있습니다. 제3자가 사기·강박을 한 경우 상대방이 그 사실을 알았거나 알 수 있었을 때에 한해 취소가 가능합니다. 취소는 선의의 제3자에게 대항하지 못합니다. 별도로 불법행위에 기한 손해배상도 청구할 수 있습니다.,계약법,중급
통정허위표시로 한 계약의 효력은 어떻게 되나요?,"민법 제108조에 따라 상대방과 통정한 허위의 의사표시는 무효입니다. 그러나 그 무효는 선의의 제3자에게 대항하지 못합니다. 예를 들어 채권자 강제집행을 피하기 위한 가장매매는 당사자 사이에서는 무효이지만, 그 부동산을 선의로 매수한 제3자는 보호됩니다.",계약법,고급
비전형계약과 전형계약의 차이는 무엇인가요?,"전형계약은 민법이 명시적으로 규정한 15종의 계약(증여, 매매, 교환, 소비대차, 사용대차, 임대차, 고용, 도급, 여행계약, 현상광고, 위임, 임치, 조합, 종신정기금, 화해)을 말합니다. 비전형계약은 민법에 규정되지 않은 계약(리스, 프랜차이즈, 의료계약 등)으로, 사적자치 원칙상 유효하며 가장 유사한 전형계약 규정을 유추 적용합니다.",계약법,초급
신의성실의 원칙은 어떻게 적용되나요?,"민법 제2조 제1항은 '권리의 행사와 의무의 이행은 신의에 좇아 성실히 하여야 한다'고 규정합니다. 신의칙은 권리남용 금지(제2항), 모순행위 금지, 사정변경의 원칙, 실효의 원칙 등 구체적 법리로 발현됩니다. 명문 규정의 흠결을 보완하고 형식적 법 적용의 폐해를 시정하는 일반조항으로 기능합니다.",계약법,중급
사정변경의 원칙은 인정되나요?,"사정변경의 원칙은 계약 당시 예견할 수 없었던 사정의 현저한 변경으로 종래 계약내용대로의 구속을 강요하는 것이 신의칙에 반하는 경우, 계약을 변경하거나 해지할 수 있다는 법리입니다. 대법원은 매우 제한적으로 인정해왔으나, 코로나19 등을 계기로 적용 논의가 확대되었습니다. 명문 규정은 없으며 신의칙(민법 제2조)에서 도출됩니다.",계약법,고급
불법행위로 인한 손해배상의 요건은 무엇인가요?,"민법 제750조에 따라 ① 가해자의 고의 또는 과실, ② 위법행위, ③ 손해의 발생, ④ 행위와 손해 사이의 인과관계, ⑤ 가해자의 책임능력이라는 요건이 충족되어야 합니다. 모든 요건은 원칙적으로 피해자가 입증해야 합니다.",불법행위,초급
불법행위에 의한 손해배상청구권의 소멸시효는 얼마인가요?,"민법 제766조에 따라 손해 및 가해자를 안 날로부터 3년, 불법행위를 한 날로부터 10년이 경과하면 시효로 소멸합니다. 두 기간 중 어느 하나라도 먼저 경과하면 청구권은 소멸합니다. 미성년자가 성폭력 피해를 입은 경우 등 특칙이 있으며, 국가배상은 별도 규정(국가배상법 제8조)이 적용됩니다.",불법행위,중급
정신적 손해에 대한 위자료는 어떻게 인정되나요?,"민법 제751조에 따라 타인의 신체·자유·명예를 침해하거나 정신적 고통을 가한 자는 재산 외의 손해에 대해서도 배상책임이 있습니다. 위자료는 명확한 산정 기준이 없어 법원이 가해자의 고의·과실 정도, 피해자의 사정, 사회통념 등을 종합적으로 고려하여 자유재량으로 정합니다.",불법행위,초급
생명침해로 인한 위자료는 누가 청구할 수 있나요?,"민법 제752조에 따라 타인의 생명을 해한 자는 피해자의 직계존속, 직계비속 및 배우자에게 재산상 손해가 없더라도 위자료 배상책임이 있습니다. 판례는 형제자매에게도 사실관계에 따라 위자료 청구를 인정하며, 사실혼 배우자도 인정될 수 있습니다.",불법행위,중급
미성년자가 가해자인 경우 누가 책임을 지나요?,"민법 제753조에 따라 미성년자가 책임을 변식할 지능(책임능력)이 없으면 본인은 책임이 없습니다. 통상 12~13세 정도를 기준으로 책임능력을 판단하며, 책임능력 없는 미성년자의 가해 시에는 제755조에 따라 감독의무자(친권자 등)가 책임을 집니다. 감독의무자가 감독 의무를 게을리하지 않았음을 입증하면 면책됩니다.",불법행위,중급
사용자책임이란 무엇인가요?,"민법 제756조에 따라 타인을 사용하여 어느 사무에 종사하게 한 자(사용자)는 피용자가 사무집행에 관하여 제3자에게 가한 손해를 배상할 책임이 있습니다. 사용자가 피용자 선임·감독에 상당한 주의를 다했음을 입증하면 면책되나, 실무상 입증이 어렵습니다. 사용자는 배상 후 피용자에게 구상권을 행사할 수 있습니다.",불법행위,중급
공동불법행위의 책임은 어떻게 되나요?,"민법 제760조에 따라 수인이 공동의 불법행위로 타인에게 손해를 가한 때에는 연대하여 손해배상책임을 집니다(부진정연대채무). 가해자가 누구인지 분명하지 않은 경우에도 같습니다(제2항). 피해자는 어느 가해자에게나 손해 전부의 배상을 청구할 수 있으며, 가해자 사이에는 과실 비율에 따라 구상관계가 성립합니다.",불법행위,중급
정당방위와 긴급피난도 불법행위 책임을 면하나요?,민법 제761조에 따라 타인의 불법행위에 대해 자기 또는 제3자의 이익을 방위하기 위해 부득이 타인에게 손해를 가한 자(정당방위)는 배상책임이 없습니다. 다만 피해자(불법행위자)는 원래의 불법행위에 대해 손해배상을 청구할 수 있습니다. 긴급피난(급박한 위난을 피하기 위한 행위)도 동일하게 적용됩니다.,불법행위,중급
공작물 책임은 어떤 경우에 인정되나요?,"민법 제758조에 따라 공작물(건물, 시설 등)의 설치·보존상의 하자로 타인에게 손해가 발생한 경우, 1차적으로 점유자가 책임을 집니다. 점유자가 손해 방지에 필요한 주의를 다했음을 입증하면 면책되고, 이 경우 소유자가 무과실책임을 집니다. 수목의 재식·관리의 하자도 동일하게 적용됩니다.",불법행위,중급
동물 점유자의 책임은 어떻게 되나요?,"민법 제759조에 따라 동물의 점유자는 그 동물이 타인에게 가한 손해를 배상할 책임이 있습니다. 다만 동물의 종류와 성질에 따라 그 보관에 상당한 주의를 다하였음을 입증하면 면책됩니다. 반려동물 산책 중 사고, 가축 탈출로 인한 피해 등에 적용되며, 점유자 외에 보관자도 같은 책임을 집니다.",불법행위,중급
명예훼손으로 인한 손해배상은 어떻게 청구하나요?,"민법 제750조의 일반 불법행위로 손해배상을 청구할 수 있고, 제751조에 따라 정신적 손해(위자료) 배상도 가능합니다. 또한 제764조에 따라 법원은 피해자의 청구에 따라 손해배상에 갈음하거나 손해배상과 함께 명예회복에 적당한 처분(정정보도 등)을 명할 수 있습니다. 형법상 명예훼손죄와는 별개로 진행 가능합니다.",불법행위,중급
태아도 불법행위에 대한 손해배상청구권을 가지나요?,"민법 제762조에 따라 태아는 손해배상청구권에 관하여는 이미 출생한 것으로 봅니다. 따라서 부모가 가해자에 의해 사망한 경우 태아도 위자료 등 손해배상을 청구할 수 있습니다. 다만 살아서 출생할 것을 정지조건으로 권리가 인정되며, 사산된 경우 소급하여 권리가 없는 것으로 처리됩니다.",불법행위,고급
과실상계는 어떻게 적용되나요?,"민법 제763조에서 준용하는 제396조에 따라 채권자(피해자)에게도 과실이 있는 경우 법원은 손해배상의 책임 및 그 금액을 정함에 있어 이를 참작해야 합니다. 과실상계는 법원이 직권으로 참작하며, 피해자의 부주의 정도에 따라 배상액이 감액됩니다. 다만 피해자에게 책임능력이 없는 경우에도 보호감독자의 과실은 참작될 수 있습니다.",불법행위,중급
교통사고에서 운행자책임은 어떻게 되나요?,"자동차손해배상보장법 제3조에 따라 자기를 위하여 자동차를 운행하는 자(운행자)는 그 운행으로 다른 사람을 사망·부상하게 한 때에는 손해배상책임을 집니다. 이는 사실상 무과실책임에 가까운 위험책임으로, 운행자는 ① 피해자가 승객이 아닌 경우 자동차의 운행·관리에 주의를 게을리하지 않았고, ② 피해자나 제3자에게 고의·과실이 있으며, ③ 자동차에 구조·기능상 결함이 없음을 모두 증명해야 면책됩니다.",불법행위,고급
직장 내 성희롱 시 사업주의 책임은 무엇인가요?,"남녀고용평등법에 따라 사업주는 성희롱 예방교육 의무, 피해자 보호 의무를 부담합니다. 사업주가 직장 내 성희롱 발생 후 피해자에게 해고 등 불리한 조치를 하면 동법 제14조 제2항 위반으로 민법 제750조의 불법행위가 성립합니다. 또한 사용자책임(제756조)이 성립하여 가해자의 성희롱 행위에 대해 사용자가 손해배상책임을 부담할 수 있습니다.",불법행위,고급
의료사고에서 의사의 과실 입증은 어떻게 하나요?,"의료사고는 전문성으로 인해 환자의 과실 입증이 어려워, 판례는 입증책임 완화 법리를 발전시켰습니다. 환자가 ① 의사의 의료행위 외에 다른 원인이 개재될 수 없다는 점, ② 일반적으로 의료과오가 없으면 일어나기 어려운 결과가 발생했다는 점을 입증하면, 의사 측에서 자신의 무과실을 증명해야 합니다. 설명의무 위반도 별개의 불법행위 요소입니다.",불법행위,고급
법인의 불법행위책임은 어떻게 인정되나요?,"민법 제35조에 따라 법인은 이사 기타 대표자가 그 직무에 관하여 타인에게 가한 손해를 배상할 책임이 있습니다. 대표자의 직무 관련성은 외형이론에 따라 객관적으로 직무행위로 보이면 인정됩니다. 대표자 본인도 함께 책임을 지며, 직무가 아닌 개인적 가해는 사용자책임(제756조) 또는 본인의 책임만 문제됩니다.",불법행위,고급
사기 피해로 인한 손해배상의 범위는 어떻게 산정되나요?,"사기로 인한 손해배상은 불법행위에 기한 청구(민법 제750조)와 계약 취소 후 부당이득반환청구(제741조)가 가능합니다. 손해의 범위는 사기가 없었다면 입지 않았을 손해(신뢰이익)를 포함하며, 위자료도 청구 가능합니다. 통상의 손해에 더해 특별손해는 가해자가 예견했거나 예견할 수 있었던 경우에 한해 인정됩니다.",불법행위,중급
제조물 책임은 일반 불법행위 책임과 어떻게 다른가요?,"제조물 책임법에 따라 제조업자는 제조물의 결함으로 생명·신체·재산에 손해를 입은 자에게 무과실책임을 집니다. 일반 불법행위(민법 제750조)와 달리 제조자의 고의·과실을 입증할 필요가 없고, 결함(설계·제조·표시상의 결함)과 인과관계만 입증하면 됩니다. 손해배상청구권은 손해와 손해배상책임자를 안 날로부터 3년, 제조물을 공급한 날로부터 10년 내에 행사해야 합니다.",불법행위,고급
법정상속의 순위는 어떻게 되나요?,"민법 제1000조에 따라 ① 1순위 직계비속(자녀, 손자녀 등), ② 2순위 직계존속(부모, 조부모 등), ③ 3순위 형제자매, ④ 4순위 4촌 이내의 방계혈족 순으로 상속인이 됩니다. 배우자는 제1003조에 따라 직계비속 또는 직계존속과 공동상속인이 되고, 이들이 없으면 단독상속인이 됩니다. 동순위가 여럿이면 최근친이 선순위입니다.",친족상속,초급
배우자의 법정상속분은 얼마인가요?,"민법 제1009조에 따라 배우자가 직계비속 또는 직계존속과 공동상속할 때에는 다른 상속인의 상속분에 5할(50%)을 가산합니다. 예를 들어 자녀 1명과 배우자가 공동상속하면 배우자 1.5, 자녀 1의 비율로 배우자는 3/5, 자녀는 2/5를 받습니다. 자녀 2명과 배우자라면 1.5:1:1 비율이 됩니다.",친족상속,중급
상속포기와 한정승인은 어떻게 다른가요?,"상속포기는 상속인의 지위를 처음부터 갖지 않은 것으로 보는 제도(민법 제1041조)로, 채무를 포함한 일체의 상속재산을 받지 않습니다. 한정승인은 상속받은 재산의 한도 내에서만 채무를 변제하는 제도(제1028조)입니다. 상속포기 시 후순위자에게 상속이 넘어가 친척까지 채무가 확산될 수 있어, 일가 중 한 명이 한정승인을 하는 것이 실무상 유리할 수 있습니다.",친족상속,중급
상속포기·한정승인은 언제까지 해야 하나요?,"민법 제1019조에 따라 상속개시 있음을 안 날로부터 3개월 내에 가정법원에 신고해야 합니다. 이 기간을 도과하면 단순승인한 것으로 의제되어 상속채무를 무한 책임으로 부담하게 됩니다. 다만 상속채무가 상속재산을 초과하는 사실을 중대한 과실 없이 3개월 내에 알지 못한 경우, 그 사실을 안 날로부터 3개월 내에 특별한정승인이 가능합니다(제1019조 제3항).",친족상속,중급
유류분이란 무엇인가요?,"유류분은 피상속인의 재산처분 자유를 제한하여 법정상속인에게 보장되는 상속재산의 최소 비율입니다(민법 제1112조). 직계비속과 배우자는 법정상속분의 1/2, 직계존속은 법정상속분의 1/3이 유류분입니다. 피상속인이 유증이나 증여로 유류분을 침해하면 유류분권리자는 부족분의 반환을 청구할 수 있습니다.",친족상속,중급
형제자매의 유류분은 인정되나요?,"2024년 4월 25일 헌법재판소(2020헌가4 등)는 피상속인 형제자매의 유류분을 규정한 민법 제1112조 제4호에 대해 단순위헌 결정을 했습니다. 이로써 형제자매는 더 이상 유류분 권리자가 아닙니다. 다만 같은 결정에서 유류분 상실사유를 규정하지 않은 부분(제1112조 제1~3호)과 기여분을 유류분에 준용하지 않은 부분(제1118조)은 헌법불합치로, 2025년 12월 31일까지 입법 개정이 예정되어 있습니다.",친족상속,고급
대습상속이란 무엇인가요?,"대습상속은 상속인이 될 직계비속 또는 형제자매가 상속개시 전에 사망하거나 결격된 경우, 그 사람의 직계비속 또는 배우자가 피대습인의 순위에 갈음하여 상속인이 되는 제도입니다(민법 제1001조, 제1003조 제2항). 예를 들어 부모보다 자녀가 먼저 사망한 경우, 그 자녀의 자녀(손자녀)가 대습상속을 받게 됩니다.",친족상속,중급
상속결격 사유는 무엇인가요?,"민법 제1004조에 따라 ① 고의로 직계존속·피상속인·배우자·상속의 선순위자나 동순위자를 살해하거나 살해하려 한 자, ② 고의로 직계존속·피상속인·배우자에게 상해를 가하여 사망에 이르게 한 자, ③ 사기·강박으로 피상속인의 유언을 방해하거나 강요한 자, ④ 피상속인의 유언서를 위조·변조·파기·은닉한 자는 상속결격자가 되어 상속인이 될 수 없습니다.",친족상속,중급
기여분이란 무엇인가요?,"민법 제1008조의2에 따라 공동상속인 중 피상속인의 재산 유지 또는 증가에 특별히 기여하거나 피상속인을 특별히 부양한 자가 있는 경우, 그 기여한 부분을 상속재산에서 분리하여 기여자에게 가산합니다. 기여분은 공동상속인 협의로 정하되, 협의가 안 되면 가정법원이 기여 시기·방법·정도와 상속재산의 액 등을 참작하여 정합니다.",친족상속,중급
특별수익자의 상속분 조정은 어떻게 이루어지나요?,"민법 제1008조에 따라 공동상속인 중 피상속인으로부터 생전증여나 유증으로 특별한 수익을 얻은 자가 있는 경우, 그 수익을 상속분 산정에서 가산(공제)합니다. 즉, 특별수익을 상속재산에 더해 전체 상속분을 계산한 후, 이미 받은 특별수익을 차감한 잔액이 실제 상속분이 됩니다. 이는 공동상속인 간 공평을 도모하는 제도입니다.",친족상속,고급
유언의 방식에는 어떤 것들이 있나요?,"민법 제1065조 이하에서 다섯 가지 방식만을 인정합니다. ① 자필증서(전문·연월일·주소·성명을 자필 작성 후 날인), ② 녹음, ③ 공정증서(공증인 참여), ④ 비밀증서, ⑤ 구수증서(질병 등 급박한 사유)입니다. 어느 하나의 요건이라도 결여하면 무효이며, 워드 등으로 작성한 자필유언은 무효라는 판례가 확립되어 있습니다.",친족상속,중급
혼인의 무효와 취소 사유는 어떻게 다른가요?,"민법 제815조의 혼인 무효 사유는 ① 당사자 간 혼인 합의가 없는 때, ② 8촌 이내 혈족 간 혼인, ③ 직계인척 또는 양부모계 혈족 간 혼인 등으로, 처음부터 효력이 없습니다. 취소 사유(제816조)는 동의 흠결, 6촌 이내 혈족·4촌 이내 인척 간 혼인, 중혼, 악질·기타 중대 사유 미고지, 사기·강박 등이며, 취소판결로 장래에 향해 무효가 됩니다.",친족상속,고급
재판상 이혼 사유는 무엇인가요?,"민법 제840조에 따라 ① 배우자의 부정한 행위, ② 배우자가 악의로 다른 일방을 유기, ③ 배우자 또는 그 직계존속의 심히 부당한 대우, ④ 자기의 직계존속이 배우자로부터 심히 부당한 대우를 받음, ⑤ 배우자의 생사가 3년 이상 분명하지 않을 때, ⑥ 기타 혼인을 계속하기 어려운 중대한 사유가 있을 때 재판상 이혼이 가능합니다.",친족상속,초급
이혼 시 재산분할청구권은 어떻게 행사하나요?,"민법 제839조의2에 따라 협의이혼한 자의 일방은 다른 일방에 대하여 재산분할을 청구할 수 있습니다(재판상 이혼에도 준용, 제843조). 분할 대상은 혼인 중 부부 쌍방의 협력으로 형성한 공동재산이며, 명의에 관계없이 실질적 기여도가 반영됩니다. 재산분할청구권은 이혼한 날로부터 2년이 경과하면 소멸합니다.",친족상속,중급
이혼 위자료와 재산분할은 어떻게 다른가요?,"위자료는 혼인 파탄에 책임 있는 배우자의 유책행위로 인한 정신적 고통에 대한 손해배상(민법 제751조, 제806조 준용)이며, 재산분할은 혼인 중 쌍방 협력으로 형성한 공동재산을 청산·분배하는 것입니다(제839조의2). 양자는 별개의 권리이므로 동시에 청구 가능하며, 대법원 2000다58804 판결은 양자를 명확히 구분합니다.",친족상속,중급
이혼 후 친권과 양육권은 어떻게 정해지나요?,"민법 제909조에 따라 협의이혼 시에는 부모 협의로 정하고, 재판상 이혼이나 협의가 안 되면 가정법원이 자녀의 복리를 기준으로 직권 결정합니다. 친권은 미성년 자녀에 대한 신분·재산상 권리·의무이며, 양육권은 동거하며 기르는 권리입니다. 통상 친권과 양육권을 함께 부여하나 분리도 가능합니다. 친권자 변경도 자녀의 4촌 이내 친족 청구로 가능합니다.",친족상속,중급
양육비 지급 의무는 어떤 경우에도 면제되지 않나요?,"부모의 자녀에 대한 양육의무는 부모의 1차적·기본적 의무로, 이혼해도 소멸하지 않습니다. 양육비를 지급하지 않으면 가정법원에 양육비 이행명령을 신청할 수 있고, 불이행 시 과태료(1천만 원 이하), 감치명령까지 가능합니다. 양육비 직접지급명령(소득세 원천공제), 양육비이행관리원의 대지급 등 강제 수단도 있습니다.",친족상속,중급
사실혼 부부도 법적 보호를 받나요?,"사실혼은 혼인신고만 없을 뿐 사회적으로 부부공동생활을 영위하는 관계입니다. 판례는 사실혼 부부에게도 ① 동거·부양·협조 의무, ② 일상가사 연대책임, ③ 사실혼 해소 시 재산분할청구권을 인정합니다. 다만 친족 관계 발생, 상속권, 자녀의 혼인 중 출생자 지위 등 신분법적 효과는 인정되지 않습니다. 사망 시 사실혼 배우자는 상속인이 될 수 없습니다.",친족상속,고급
이혼 합의 시 '향후 위자료를 청구하지 않겠다'는 각서의 효력은?,"이혼에 따른 위자료청구권은 재산권적 성질이므로 사전에 포기하는 약정도 원칙적으로 유효합니다. 다만 '어떠한 일이 있어도 이혼하지 않겠다'는 각서는 신분행위의 의사결정을 구속하는 것으로 공서양속에 반하여 무효입니다(대법원 69므18). 자녀의 양육비 청구권은 자녀의 권리이므로 부모가 처분할 수 없어, 양육비 포기 각서는 자녀에 대해서는 효력이 없습니다.",친족상속,고급
친생자관계 부존재 확인의 소는 어떤 경우에 제기하나요?,"가족관계등록부상 친생자로 기재되어 있지만 실제로 친생자가 아닌 경우, 친생자관계 부존재 확인의 소를 제기할 수 있습니다. 다만 친생추정(민법 제844조)이 미치는 자녀(혼인 중 임신·출생)에 대해서는 친생부인의 소(제846조)에 의해서만 부정할 수 있으며, 출생을 안 날로부터 2년 내에 제기해야 합니다.",친족상속,고급
입양과 친양자 입양의 차이는 무엇인가요?,일반 입양(민법 제866조 이하)은 양친자관계가 발생하면서도 친생부모와의 친자관계가 그대로 유지됩니다. 친양자 입양(제908조의2)은 친생부모와의 친자관계가 종료되고 가족관계등록부상으로도 양친의 친생자로 기재되는 강력한 효과를 가집니다. 친양자 입양은 가정법원의 허가가 필요하며 미성년자에 대해서만 가능합니다.,친족상속,고급
임차권등기명령은 어떤 경우에 신청하나요?,"주택임대차보호법 제3조의3에 따라 임대차 종료 후 보증금을 반환받지 못한 임차인은 임차주택 소재지 관할 법원에 임차권등기명령을 신청할 수 있습니다. 임차권등기가 마쳐지면 임차인은 대항력과 우선변제권을 그대로 유지하면서 이사를 갈 수 있어, 전출로 인한 권리 상실을 막을 수 있습니다.",전세사기,중급
전세사기 피해자 결정을 받으려면 어떻게 해야 하나요?,"전세사기피해자 지원 및 주거안정에 관한 특별법에 따라 국토교통부장관에게 피해자 신청을 합니다. ① 임대차계약 종료 후 보증금 미반환, ② 임대인의 변제 능력 부족, ③ 다수 피해자 발생 우려, ④ 임대인 사기 의도 의심 등의 요건이 심사되며, 결정을 받으면 경·공매 유예, 우선매수권, 공공임대 우선공급, 금융지원 등을 받을 수 있습니다.",전세사기,중급
전세보증보험(HUG) 가입 거절 사유는 무엇인가요?,"주택도시보증공사의 전세보증금반환보증은 ① 전세가율이 일정 기준(통상 공시가격의 126% 또는 90%)을 초과하는 경우, ② 선순위 채권(근저당 등)과 전세보증금의 합이 주택가액을 초과하는 경우, ③ 임대인이 신용불량자인 경우, ④ 주택유형이 가입 대상이 아닌 경우 등에 가입이 거절될 수 있습니다. 가입 가능 여부는 계약 전 사전 확인이 필수입니다.",전세사기,중급
최우선변제권이란 무엇이고 누가 받을 수 있나요?,"주택임대차보호법 제8조에 따라 소액임차인은 보증금 중 일정액에 대해 다른 담보권자보다도 최우선하여 변제받을 수 있습니다. 소액임차인의 범위와 우선변제 금액은 지역별로 시행령에서 규정하며(예: 서울 보증금 1억 6,500만 원 이하 시 5,500만 원 우선변제), 경매 신청 등기 전에 대항요건(주택 인도+전입신고)을 갖춰야 합니다.",전세사기,고급
전세권 등기와 임대차 계약의 확정일자 중 어느 것이 더 유리한가요?,"전세권은 물권으로 등기되어 별도 경매신청권을 가지며 양도·전세권 설정도 가능해 강력합니다. 그러나 임대인의 동의가 필요하고 등기비용이 듭니다. 확정일자는 임대인 동의 없이 신청 가능하고 비용이 거의 없으나, 임차인이 직접 경매를 신청할 수는 없습니다. 실무상 주택임대차에서는 대항력+확정일자로도 충분한 보호를 받을 수 있어 후자를 많이 선택합니다.",부동산물권,고급
근저당권과 저당권의 차이는 무엇인가요?,"저당권(민법 제356조)은 특정 채권을 담보하기 위해 설정되며 그 채권이 소멸하면 저당권도 소멸합니다. 근저당권(제357조)은 계속적 거래관계에서 발생할 불특정 다수의 채권을 일정한 한도(채권최고액)까지 담보하는 것으로, 개별 채권이 소멸·발생하더라도 근저당권 자체는 유지됩니다. 실무상 은행 대출 등에서 근저당권이 압도적으로 많이 사용됩니다.",부동산물권,중급
전입신고와 확정일자는 같은 날 받아야 하나요?,"대항력은 주택 인도와 전입신고를 마친 다음 날 0시부터 발생하며, 우선변제권은 대항요건과 확정일자를 모두 갖춘 시점에 발생합니다. 같은 날 모두 처리하면 가장 빠른 시점에 권리를 확보할 수 있어 안전합니다. 다만 근저당권 설정과 같은 날이라면 등기는 즉시 효력이 발생하므로 근저당이 우선할 수 있어 주의가 필요합니다.",전세사기,중급
부동산 명의신탁은 유효한가요?,"부동산실권리자명의등기에관한법률에 따라 명의신탁약정과 그에 따른 등기는 원칙적으로 무효이며, 5년 이하 징역 또는 2억 원 이하의 벌금에 처해집니다. 다만 ① 종중·배우자·종교단체 명의 신탁(조세포탈·강제집행 면탈·법령제한 회피 목적이 아닐 것), ② 신탁법상 신탁 등은 예외입니다. 매수자금을 제공한 자가 진정한 소유자로 인정될 수 있습니다.",부동산물권,고급
부동산 점유취득시효의 효력은 절대적인가요?,"민법 제245조 제1항의 점유취득시효(20년 점유)는 등기를 해야 비로소 소유권을 취득합니다. 시효 완성 후 등기 전에 진정한 소유자가 제3자에게 매도하여 이전등기를 마치면, 시효취득자는 그 제3자에게 시효취득을 주장할 수 없습니다. 다만 진정한 소유자에 대한 손해배상청구는 가능합니다. 등기부취득시효(제245조 제2항)는 등기와 점유 10년으로 완성됩니다.",부동산물권,고급
전세 계약 시 다가구주택과 다세대주택은 어떻게 다른가요?,"다세대주택은 가구별로 등기가 분리된 공동주택이고, 다가구주택은 건물 전체가 단독주택으로 등기된 한 채의 주택입니다. 다가구주택은 한 건물에 여러 임차인이 있어도 등기는 하나이므로, 선순위 임차인의 보증금 총액을 모두 합쳐 후순위 임차인이 변제받을 잔여가치를 평가해야 합니다. 다가구주택 전세 시 다른 임차인 보증금 현황 확인이 필수입니다.",전세사기,고급
